Employee_ID,Attrition_rate
EID_22713,0.19597206
EID_9658,0.19009674
EID_22203,0.18322188
EID_7652,0.19451475
EID_6516,0.18990998
EID_20283,0.17569049
EID_21014,0.18927878
EID_7693,0.17861056
EID_13232,0.19016947
EID_6515,0.20716421
EID_13639,0.18554607
EID_14669,0.1898081
EID_16537,0.18608966
EID_5782,0.17680863
EID_20157,0.19615018
EID_1855,0.18114056
EID_20748,0.19440125
EID_23179,0.18627489
EID_12838,0.18433306
EID_21656,0.1766976
EID_8844,0.18180221
EID_1536,0.18265823
EID_8822,0.18890059
EID_11398,0.19195238
EID_12965,0.18701342
EID_5204,0.1946002
EID_10030,0.19632512
EID_13227,0.18107264
EID_20607,0.19918072
EID_14070,0.1904345
EID_3755,0.18710706
EID_5459,0.19443482
EID_7697,0.18524721
EID_3935,0.18155691
EID_19046,0.1828548
EID_4040,0.18362337
EID_17730,0.1784479
EID_4995,0.19156183
EID_24653,0.18820527
EID_6978,0.18119588
EID_13775,0.18666187
EID_14608,0.18691796
EID_3148,0.1866863
EID_24868,0.20002162
EID_5521,0.18520626
EID_21155,0.20070384
EID_3840,0.1904822
EID_10646,0.18681015
EID_6711,0.18672031
EID_16247,0.18342707
EID_16789,0.19639383
EID_17967,0.18153632
EID_13270,0.18855359
EID_18462,0.1804291
EID_22248,0.18693095
EID_22693,0.19560832
EID_25662,0.17535517
EID_23346,0.18883094
EID_4437,0.18701792
EID_18108,0.18035984
EID_7000,0.18604173
EID_22770,0.19750081
EID_7816,0.18988952
EID_19615,0.19091174
EID_23807,0.18447429
EID_16764,0.1835483
EID_16818,0.18109417
EID_22712,0.18710901
EID_18198,0.20438552
EID_11154,0.19320782
EID_22137,0.1945036
EID_11655,0.18762714
EID_18514,0.19045162
EID_24742,0.1818864
EID_16019,0.18749174
EID_7357,0.19287324
EID_20106,0.17978239
EID_13284,0.18369168
EID_5451,0.17382988
EID_19728,0.19197962
EID_9178,0.1861434
EID_13177,0.18445396
EID_14300,0.19203708
EID_4379,0.18387192
EID_11285,0.18527026
EID_14882,0.2023994
EID_9969,0.18938464
EID_23643,0.17627752
EID_5935,0.18689048
EID_7741,0.18538968
EID_6176,0.18730137
EID_5418,0.19887033
EID_20626,0.19699982
EID_1725,0.18959492
EID_14317,0.19725305
EID_12120,0.18379374
EID_20264,0.17416146
EID_16691,0.17472246
EID_1093,0.1839334
EID_2565,0.18354581
EID_11463,0.19199687
EID_12005,0.18104397
EID_10326,0.18213063
EID_12582,0.18768266
EID_18228,0.17951074
EID_11670,0.19611122
EID_24257,0.18253435
EID_7024,0.18122321
EID_10382,0.19693401
EID_20210,0.18189675
EID_10294,0.17230996
EID_19941,0.19127564
EID_25572,0.18491155
EID_7758,0.18941227
EID_22718,0.1791984
EID_1078,0.17856443
EID_8227,0.19293459
EID_1702,0.18884847
EID_3532,0.1872168
EID_22452,0.18056145
EID_3019,0.18705721
EID_22264,0.19446549
EID_9866,0.18790337
EID_3520,0.17952332
EID_21098,0.19116035
EID_1186,0.17330363
EID_12355,0.18897787
EID_11020,0.17832336
EID_19193,0.17601812
EID_17787,0.18325126
EID_13719,0.19300778
EID_24449,0.1871872
EID_12957,0.1781601
EID_24794,0.17953713
EID_2866,0.18411252
EID_10563,0.18654144
EID_22492,0.1903666
EID_4106,0.1897557
EID_6648,0.19446336
EID_7209,0.18503168
EID_9692,0.18631978
EID_22763,0.18215862
EID_12622,0.18890083
EID_9831,0.18689711
EID_5731,0.17537731
EID_1114,0.17458752
EID_25017,0.19069281
EID_22956,0.1840409
EID_5549,0.1775067
EID_12022,0.19116434
EID_8034,0.17179438
EID_20644,0.18364237
EID_20125,0.18477228
EID_21957,0.18587267
EID_8870,0.18400669
EID_2305,0.1892824
EID_3977,0.17248482
EID_14845,0.19252042
EID_6629,0.18795066
EID_14577,0.1796271
EID_24509,0.1825206
EID_1530,0.18693258
EID_21524,0.20118667
EID_6647,0.18096024
EID_19730,0.18973987
EID_4424,0.1859971
EID_7964,0.1772919
EID_6289,0.18747935
EID_2899,0.19058582
EID_2827,0.17882672
EID_8801,0.18644165
EID_20454,0.18767434
EID_18988,0.19448029
EID_8405,0.19200708
EID_14497,0.18737745
EID_11769,0.18667857
EID_21353,0.18956083
EID_2221,0.17890951
EID_13218,0.18538204
EID_4576,0.18667607
EID_17470,0.18847054
EID_14817,0.19242431
EID_21845,0.1943728
EID_21987,0.18998334
EID_1168,0.18042007
EID_14315,0.19245914
EID_5043,0.18779993
EID_1967,0.17928399
EID_22274,0.17610681
EID_11091,0.17324865
EID_18421,0.1936087
EID_8316,0.17908034
EID_13308,0.20180315
EID_19481,0.18989733
EID_17732,0.18362615
EID_4504,0.17829362
EID_2539,0.19483688
EID_19529,0.18487512
EID_2279,0.18280606
EID_14508,0.18821084
EID_12241,0.18934083
EID_11530,0.1754809
EID_20147,0.17493543
EID_6154,0.19070327
EID_3523,0.17869374
EID_20453,0.18625078
EID_11929,0.19300218
EID_12840,0.19007406
EID_22320,0.1892701
EID_25383,0.19107464
EID_10731,0.19457616
EID_1017,0.18250954
EID_1819,0.18943325
EID_22849,0.19453341
EID_12290,0.18922487
EID_24238,0.17608957
EID_3105,0.18008432
EID_14242,0.19501916
EID_16569,0.19294825
EID_8094,0.19184792
EID_7824,0.19156638
EID_8978,0.17774871
EID_25314,0.18712087
EID_17810,0.19308421
EID_14856,0.17163995
EID_22144,0.18998906
EID_23603,0.17926589
EID_7211,0.18173596
EID_19340,0.18196797
EID_1501,0.17645155
EID_22111,0.17388506
EID_16147,0.18588936
EID_16746,0.18427742
EID_20777,0.1845859
EID_12999,0.19448186
EID_21663,0.18659544
EID_11862,0.17714727
EID_17683,0.19052602
EID_19819,0.18960564
EID_21562,0.19575904
EID_24390,0.17838624
EID_14444,0.18326704
EID_3261,0.18068635
EID_7752,0.18056196
EID_3033,0.20418857
EID_22433,0.17027943
EID_23727,0.18486875
EID_24107,0.1843245
EID_22537,0.1919992
EID_13645,0.19930273
EID_16021,0.1852034
EID_19800,0.20297906
EID_1944,0.18917033
EID_15868,0.17292184
EID_22188,0.18581477
EID_13833,0.19276613
EID_15028,0.19156145
EID_24861,0.19604792
EID_13033,0.19868916
EID_23673,0.18472938
EID_13265,0.18484871
EID_23411,0.19297719
EID_3761,0.18289146
EID_7299,0.17633896
EID_2379,0.18033451
EID_18863,0.18119699
EID_12115,0.18209332
EID_23879,0.18900143
EID_16586,0.19305179
EID_19003,0.18816063
EID_11107,0.19907242
EID_15416,0.18677577
EID_19214,0.18908432
EID_5135,0.19512677
EID_22464,0.19855832
EID_22759,0.17998283
EID_17833,0.19255698
EID_17627,0.19264254
EID_25730,0.19299969
EID_2377,0.18968122
EID_18085,0.1796434
EID_14096,0.18371323
EID_8384,0.19385892
EID_17105,0.17916602
EID_9929,0.19034514
EID_13267,0.17878686
EID_12954,0.18453869
EID_4464,0.18041566
EID_11464,0.18024008
EID_19308,0.1868063
EID_17530,0.1772943
EID_6981,0.18342826
EID_19951,0.174963
EID_1100,0.18481451
EID_25145,0.1961061
EID_15614,0.18724725
EID_2961,0.18935534
EID_1742,0.17567948
EID_2843,0.19271828
EID_9549,0.1855084
EID_12832,0.18443966
EID_17914,0.19947782
EID_22832,0.18542747
EID_5755,0.17408624
EID_1141,0.18876834
EID_18954,0.18228388
EID_10824,0.18206006
EID_24478,0.18984266
EID_14916,0.18491617
EID_4434,0.18344006
EID_23650,0.19860913
EID_16556,0.18934539
EID_24656,0.18634564
EID_25965,0.1879718
EID_9279,0.18302086
EID_13802,0.18595624
EID_2748,0.1909334
EID_17346,0.19009833
EID_1171,0.18187016
EID_1552,0.17952807
EID_20674,0.18592778
EID_2475,0.18562913
EID_16714,0.17748483
EID_7857,0.1899178
EID_3294,0.18263575
EID_2280,0.17546183
EID_10203,0.19077384
EID_22162,0.19236809
EID_10438,0.1844089
EID_12898,0.19331479
EID_4358,0.1769165
EID_6179,0.18287238
EID_2538,0.1708081
EID_13110,0.17747045
EID_24585,0.18943648
EID_1006,0.18442792
EID_11632,0.18820679
EID_21011,0.18355967
EID_16869,0.19178095
EID_20564,0.18388239
EID_12996,0.18237042
EID_1503,0.18165383
EID_23053,0.19045164
EID_22049,0.18638432
EID_4346,0.19820498
EID_1887,0.18494543
EID_16849,0.19193089
EID_10071,0.19599974
EID_11265,0.18686748
EID_12611,0.18235964
EID_25542,0.17609406
EID_11582,0.19017777
EID_19550,0.18300204
EID_5351,0.17657559
EID_3305,0.18562001
EID_18846,0.20160162
EID_24764,0.1849717
EID_2191,0.1815114
EID_6314,0.1748882
EID_23248,0.18381664
EID_4570,0.18917747
EID_16415,0.17351353
EID_11002,0.18776774
EID_20498,0.18246907
EID_7846,0.19383812
EID_24121,0.17881948
EID_7536,0.17910954
EID_2015,0.19159049
EID_7934,0.19068828
EID_20903,0.18751602
EID_17535,0.19927543
EID_19760,0.18255666
EID_9550,0.17561895
EID_4261,0.17741619
EID_19753,0.18538466
EID_13542,0.18164825
EID_24283,0.17900077
EID_7552,0.19417349
EID_11577,0.18804915
EID_3228,0.17807826
EID_17468,0.19525212
EID_15815,0.18677872
EID_2093,0.18616994
EID_21356,0.18362851
EID_12357,0.1948113
EID_18495,0.17978537
EID_5098,0.18086064
EID_12691,0.18608195
EID_13240,0.18878752
EID_19312,0.1966483
EID_23914,0.18854709
EID_23175,0.18039334
EID_15413,0.19748968
EID_4785,0.1826863
EID_25933,0.19239265
EID_22705,0.1976201
EID_19350,0.16942164
EID_5369,0.19566303
EID_20410,0.18428066
EID_12557,0.19077414
EID_17678,0.17959489
EID_1342,0.18807673
EID_12230,0.19499552
EID_1311,0.18209341
EID_5860,0.19493473
EID_4259,0.18229845
EID_10209,0.18071781
EID_2300,0.18895894
EID_17408,0.1862666
EID_1883,0.17727444
EID_1053,0.19940874
EID_23610,0.1818718
EID_17585,0.1931215
EID_20845,0.18972868
EID_15683,0.18694761
EID_11976,0.19430058
EID_12031,0.17654854
EID_1711,0.1838344
EID_6239,0.19395593
EID_25541,0.1891205
EID_9308,0.18710384
EID_18168,0.18198091
EID_11934,0.18264017
EID_23472,0.18834051
EID_13731,0.18213934
EID_16069,0.18272743
EID_18276,0.17952797
EID_6141,0.18858851
EID_12061,0.18726614
EID_9450,0.18619686
EID_21730,0.1805059
EID_19506,0.17690979
EID_13552,0.183942
EID_9945,0.18050295
EID_1924,0.18139055
EID_18453,0.18292351
EID_20225,0.20215315
EID_18673,0.18568243
EID_11420,0.18580732
EID_16631,0.18656766
EID_21237,0.1818152
EID_5015,0.18589577
EID_20179,0.19597605
EID_12073,0.19904688
EID_21147,0.17360562
EID_6714,0.17984521
EID_10645,0.18204081
EID_18298,0.19367534
EID_2640,0.17627549
EID_2318,0.19036171
EID_25226,0.19098717
EID_24099,0.18153413
EID_20938,0.1924651
EID_8377,0.18745983
EID_7023,0.18301901
EID_11385,0.19298765
EID_15016,0.17296779
EID_25794,0.1884296
EID_11494,0.1908327
EID_2425,0.18431981
EID_9847,0.1916855
EID_3570,0.17905638
EID_13573,0.1935367
EID_13780,0.17475946
EID_2949,0.17876023
EID_19834,0.18571016
EID_11384,0.19347672
EID_23154,0.19968995
EID_9337,0.18339464
EID_3653,0.1853782
EID_4850,0.1874151
EID_16283,0.18617374
EID_5107,0.17829525
EID_25156,0.1927762
EID_17223,0.18249145
EID_14695,0.18098089
EID_11374,0.18550807
EID_13672,0.1831919
EID_6782,0.19283757
EID_25074,0.19160996
EID_21087,0.19222572
EID_13017,0.19002381
EID_9947,0.19393086
EID_21221,0.17999142
EID_21639,0.18518478
EID_20333,0.19054824
EID_2970,0.18962371
EID_7624,0.18234922
EID_15741,0.18853247
EID_1312,0.18033308
EID_19575,0.18439555
EID_21047,0.18576679
EID_11969,0.19236627
EID_19145,0.18380567
EID_9871,0.17841968
EID_18852,0.18107471
EID_22326,0.1906864
EID_7259,0.185652
EID_21920,0.19130702
EID_1436,0.19522694
EID_8261,0.19152772
EID_23228,0.18924357
EID_5560,0.17629822
EID_22357,0.1896894
EID_4816,0.1799843
EID_10000,0.18415454
EID_21908,0.17445028
EID_14887,0.19422263
EID_12497,0.18323916
EID_17976,0.19305035
EID_17356,0.18003958
EID_9785,0.18243217
EID_16224,0.18446329
EID_6020,0.1899879
EID_20716,0.17968374
EID_11351,0.19613957
EID_20899,0.18851161
EID_9718,0.17691466
EID_9479,0.18401928
EID_25048,0.19046497
EID_23370,0.17910966
EID_13877,0.17948905
EID_12256,0.18963888
EID_1903,0.18361278
EID_8830,0.17404707
EID_22060,0.17629641
EID_11996,0.18801036
EID_21061,0.18217243
EID_22604,0.18859427
EID_18463,0.18666737
EID_11375,0.18105085
EID_2685,0.19356966
EID_16010,0.19354574
EID_19288,0.19327262
EID_9283,0.20351106
EID_11122,0.1762878
EID_6638,0.19536814
EID_25516,0.19198194
EID_3864,0.19643238
EID_9746,0.19019277
EID_8407,0.18582103
EID_25463,0.19666779
EID_23098,0.17951962
EID_22512,0.18646878
EID_14671,0.18417367
EID_18482,0.196071
EID_8151,0.18803634
EID_16624,0.19297427
EID_1983,0.18624014
EID_18445,0.1909447
EID_11891,0.1787993
EID_2010,0.18940605
EID_4592,0.19303265
EID_17412,0.1966773
EID_24883,0.17518002
EID_15661,0.17478839
EID_11757,0.1837854
EID_2627,0.18549317
EID_13243,0.18451796
EID_10917,0.18695983
EID_4360,0.18578887
EID_13536,0.19448993
EID_10695,0.19184174
EID_5746,0.18663403
EID_1178,0.18161795
EID_15290,0.19577292
EID_3540,0.17824453
EID_14684,0.19799995
EID_7914,0.19228578
EID_23733,0.19109136
EID_5907,0.20420468
EID_5142,0.18861201
EID_7686,0.19138932
EID_12078,0.19654125
EID_4880,0.17411909
EID_1527,0.18563673
EID_15919,0.19157264
EID_1260,0.17729162
EID_22377,0.17602867
EID_7876,0.18338053
EID_1213,0.17851828
EID_4161,0.18076137
EID_3214,0.1841627
EID_17651,0.18629211
EID_8005,0.17275429
EID_12852,0.18685165
EID_21465,0.19490811
EID_7371,0.1891911
EID_25687,0.18349051
EID_17222,0.18347323
EID_1994,0.18225527
EID_22384,0.18121693
EID_6344,0.19065166
EID_18801,0.1870033
EID_13688,0.2010198
EID_13779,0.2038066
EID_24969,0.1841704
EID_15311,0.20538136
EID_9095,0.19961132
EID_11675,0.18481213
EID_14870,0.19289416
EID_1575,0.18173549
EID_7440,0.18959197
EID_24259,0.18991879
EID_19501,0.199289
EID_23743,0.17640185
EID_13287,0.1924538
EID_2226,0.17765974
EID_22439,0.18781146
EID_16078,0.197705
EID_18895,0.18432364
EID_19860,0.19037366
EID_24564,0.18448158
EID_21747,0.17585486
EID_4659,0.19060019
EID_24149,0.19387992
EID_13300,0.17698744
EID_16950,0.18231203
EID_23778,0.18671842
EID_14691,0.19133657
EID_10789,0.18487543
EID_5525,0.18876763
EID_19424,0.18644375
EID_6171,0.18371831
EID_19569,0.19116588
EID_4602,0.18510607
EID_17919,0.19844702
EID_4286,0.17486295
EID_1973,0.18407579
EID_25715,0.18786803
EID_23385,0.19134085
EID_13681,0.19019213
EID_25410,0.19082448
EID_18267,0.19142705
EID_15252,0.18076402
EID_23214,0.1959519
EID_18551,0.19562292
EID_2401,0.17810374
EID_7609,0.18866116
EID_21291,0.1997346
EID_10126,0.19615656
EID_19714,0.18673617
EID_4911,0.19113141
EID_12505,0.20205934
EID_10377,0.19020174
EID_3407,0.18725656
EID_3386,0.18066311
EID_7623,0.18734282
EID_19517,0.1783463
EID_21782,0.18647897
EID_12361,0.18669215
EID_21171,0.18157144
EID_17836,0.19117206
EID_20286,0.200086
EID_25798,0.19139567
EID_15699,0.1897354
EID_17006,0.1788603
EID_22476,0.17354843
EID_9406,0.18589652
EID_13559,0.18853956
EID_1340,0.18250105
EID_17848,0.18410051
EID_20358,0.19374675
EID_14265,0.1937066
EID_9820,0.18310095
EID_13755,0.18238938
EID_13293,0.18141466
EID_25837,0.18387514
EID_20466,0.18324712
EID_11032,0.19437903
EID_2399,0.18042618
EID_23917,0.18452957
EID_17011,0.1875175
EID_8967,0.17579438
EID_24468,0.18954265
EID_8435,0.17961368
EID_17953,0.18481869
EID_7140,0.18340676
EID_24404,0.18626204
EID_14380,0.19746062
EID_1232,0.18874824
EID_1573,0.1854757
EID_3684,0.19322473
EID_15824,0.18229961
EID_9212,0.18893951
EID_21121,0.17233658
EID_6346,0.17734592
EID_9525,0.19004981
EID_9726,0.19415757
EID_2526,0.18337414
EID_4228,0.17927311
EID_14595,0.19413641
EID_15856,0.20106545
EID_6768,0.18679446
EID_23953,0.1895917
EID_19059,0.17378327
EID_5268,0.18209639
EID_7619,0.1734159
EID_23028,0.18707171
EID_22104,0.19772181
EID_10318,0.18073608
EID_25369,0.1780455
EID_16633,0.18003112
EID_15848,0.18848243
EID_2240,0.20158456
EID_1059,0.18129785
EID_9315,0.1822442
EID_15388,0.1860488
EID_9984,0.18216753
EID_4296,0.18981582
EID_10927,0.18162277
EID_25054,0.18902263
EID_1884,0.17771368
EID_21960,0.1818721
EID_5572,0.18632743
EID_16872,0.18469849
EID_24525,0.1952628
EID_14237,0.17918536
EID_7114,0.18869936
EID_7448,0.1874868
EID_17668,0.18498287
EID_7674,0.189004
EID_5884,0.18988883
EID_13942,0.18011364
EID_13098,0.18022975
EID_7695,0.18371361
EID_5350,0.18348792
EID_22853,0.18247694
EID_2385,0.19798851
EID_18006,0.1940737
EID_12875,0.18319532
EID_5478,0.18423727
EID_18690,0.18564954
EID_12545,0.19186619
EID_13888,0.19649026
EID_9732,0.18601355
EID_18001,0.19171733
EID_17479,0.18604292
EID_23757,0.18783715
EID_1303,0.1969527
EID_5375,0.1781441
EID_5869,0.18255511
EID_8825,0.18866812
EID_22567,0.17949021
EID_16273,0.1848507
EID_20618,0.19175832
EID_3608,0.19081932
EID_8806,0.18799162
EID_23170,0.18483368
EID_12243,0.19211315
EID_20089,0.18741652
EID_16852,0.18016222
EID_18312,0.1871992
EID_14010,0.19798414
EID_14705,0.18382068
EID_20956,0.18486783
EID_18794,0.17921653
EID_1629,0.1808637
EID_25483,0.18073514
EID_4542,0.1920329
EID_10076,0.17955756
EID_9469,0.18883504
EID_25284,0.19189641
EID_11972,0.19142863
EID_1798,0.18424603
EID_21903,0.19441906
EID_20031,0.18786383
EID_20365,0.18143627
EID_9210,0.1934044
EID_19750,0.19842164
EID_4006,0.1789146
EID_24922,0.18380988
EID_4760,0.1797989
EID_11035,0.18775666
EID_21008,0.18978539
EID_23731,0.17327324
EID_21788,0.18432471
EID_5428,0.18321082
EID_14023,0.18770555
EID_2937,0.18417768
EID_16931,0.18608849
EID_18299,0.19166633
EID_6660,0.188488
EID_23187,0.19638708
EID_14868,0.19635865
EID_23247,0.17986214
EID_15971,0.18188709
EID_7852,0.1880719
EID_7017,0.18300465
EID_7494,0.17763588
EID_18706,0.18559876
EID_22784,0.18444544
EID_10756,0.18259464
EID_6854,0.17079157
EID_12554,0.18696177
EID_1162,0.18224877
EID_19581,0.17690098
EID_2169,0.1810724
EID_25149,0.18347082
EID_22575,0.18867314
EID_2265,0.18644711
EID_19668,0.18279411
EID_19245,0.185298
EID_8194,0.17558959
EID_8081,0.19507149
EID_8670,0.18694593
EID_7992,0.18825825
EID_6596,0.18569139
EID_3699,0.18387535
EID_9698,0.19303876
EID_1847,0.17579342
EID_16179,0.18022326
EID_23663,0.18524188
EID_24287,0.19852087
EID_3527,0.17947549
EID_18652,0.19520909
EID_24110,0.19507036
EID_21419,0.18990336
EID_12865,0.1811581
EID_9237,0.20167166
EID_20408,0.18362597
EID_22934,0.20010807
EID_6492,0.18631977
EID_20285,0.18867216
EID_1286,0.1797069
EID_12542,0.19168472
EID_5523,0.17836785
EID_1979,0.19109154
EID_23146,0.18758696
EID_4773,0.17730528
EID_8785,0.18510619
EID_4463,0.19253105
EID_24028,0.18000531
EID_20920,0.18096049
EID_21392,0.1973624
EID_4079,0.18197477
EID_5173,0.17822552
EID_22915,0.18975714
EID_18347,0.18144313
EID_7984,0.17915305
EID_25148,0.18985254
EID_4350,0.18177584
EID_6909,0.1910817
EID_10582,0.1772438
EID_6248,0.18921691
EID_10035,0.18634391
EID_24603,0.19019616
EID_1794,0.17241395
EID_9407,0.18649289
EID_2114,0.18738589
EID_21125,0.1813008
EID_15046,0.1953952
EID_8058,0.19246808
EID_1961,0.1778486
EID_23324,0.18267652
EID_21521,0.18911028
EID_11043,0.18602689
EID_6461,0.18561673
EID_10398,0.19468625
EID_20635,0.1799484
EID_22940,0.18745181
EID_8582,0.17248996
EID_12770,0.1837061
EID_15982,0.18878673
EID_19692,0.18661854
EID_18304,0.20251694
EID_13603,0.18009919
EID_6145,0.196755
EID_16587,0.18764204
EID_16835,0.20267455
EID_8399,0.18338004
EID_7012,0.17706689
EID_20575,0.17514953
EID_20747,0.17731285
EID_3907,0.19379434
EID_22626,0.19908404
EID_4442,0.17909414
EID_18034,0.18481305
EID_16055,0.19175056
EID_21684,0.17148745
EID_17499,0.18767579
EID_1222,0.17212814
EID_17204,0.1825054
EID_22732,0.19273733
EID_8539,0.1847103
EID_23136,0.19093612
EID_24470,0.19401872
EID_17404,0.17460665
EID_21498,0.19052586
EID_19495,0.19222715
EID_23966,0.18080267
EID_1388,0.18197885
EID_7374,0.17583457
EID_25441,0.19908327
EID_16616,0.19817075
EID_7654,0.18241024
EID_4217,0.18058324
EID_9968,0.1763843
EID_17830,0.19414353
EID_12023,0.19312881
EID_24002,0.17845482
EID_11371,0.18938056
EID_11096,0.18137926
EID_24835,0.19672891
EID_17439,0.18672764
EID_6587,0.18570945
EID_21946,0.18984964
EID_5431,0.18275386
EID_4723,0.17634204
EID_11535,0.18628107
EID_2330,0.17420937
EID_23531,0.18565294
EID_8913,0.18050735
EID_21273,0.18755266
EID_11927,0.1950293
EID_1385,0.18178552
EID_15758,0.19331428
EID_1023,0.17774981
EID_8959,0.17621998
EID_12911,0.18608555
EID_15925,0.1782786
EID_17769,0.18888764
EID_19842,0.19377828
EID_15875,0.18448958
EID_21284,0.1905748
EID_24825,0.18816401
EID_23825,0.18265876
EID_13001,0.18716383
EID_25601,0.19249447
EID_24670,0.2032097
EID_24412,0.19551046
EID_18712,0.18075475
EID_21138,0.17655185
EID_19335,0.18974292
EID_16753,0.19519418
EID_24399,0.18602392
EID_12567,0.18882462
EID_22161,0.17445198
EID_12609,0.1838062
EID_22249,0.17276737
EID_5314,0.17678785
EID_1897,0.19113362
EID_22507,0.17398806
EID_2878,0.17437238
EID_10098,0.17856243
EID_18435,0.1993196
EID_8063,0.18156071
EID_3512,0.1785393
EID_24444,0.19618681
EID_9813,0.19025393
EID_25132,0.19412032
EID_5613,0.18624756
EID_14062,0.18336943
EID_20073,0.19574234
EID_12506,0.19250868
EID_1092,0.19748907
EID_15895,0.17877501
EID_1039,0.18694164
EID_22016,0.18799233
EID_6764,0.19005916
EID_17384,0.20305341
EID_8705,0.1908983
EID_14832,0.1818445
EID_16473,0.17679438
EID_11186,0.18550034
EID_7476,0.17976567
EID_19671,0.17949778
EID_14001,0.18150672
EID_10658,0.19454122
EID_6668,0.19309266
EID_13786,0.18760099
EID_11224,0.17894895
EID_13296,0.18177098
EID_22145,0.17260817
EID_6494,0.18332875
EID_1649,0.18316483
EID_20878,0.19796175
EID_3790,0.18024564
EID_9257,0.19925699
EID_14917,0.18060416
EID_22052,0.19178277
EID_1198,0.17591316
EID_8478,0.18059018
EID_2071,0.1915288
EID_1250,0.18168992
EID_9000,0.18417522
EID_17319,0.18635556
EID_21794,0.19740897
EID_23350,0.19083309
EID_16278,0.17961472
EID_3330,0.18132678
EID_12584,0.19422702
EID_9354,0.19293356
EID_15007,0.18960398
EID_11656,0.18998349
EID_22526,0.18326628
EID_11027,0.18525548
EID_21588,0.17853926
EID_13717,0.18857938
EID_8073,0.1871607
EID_15972,0.17935781
EID_5730,0.17731649
EID_23968,0.17143252
EID_4299,0.18499756
EID_6302,0.18208852
EID_6974,0.17922288
EID_4829,0.18878138
EID_21139,0.18513958
EID_23456,0.18316184
EID_20110,0.16801846
EID_20342,0.17838286
EID_15238,0.19972482
EID_10349,0.18075354
EID_10077,0.18479022
EID_22330,0.19847092
EID_4368,0.17943509
EID_8859,0.17307316
EID_24277,0.17235808
EID_1061,0.18663874
EID_5597,0.18022966
EID_4820,0.18545873
EID_5863,0.18526995
EID_23680,0.18786293
EID_5542,0.17796135
EID_6203,0.17823818
EID_5355,0.19190302
EID_19669,0.19804808
EID_21725,0.18012469
EID_2138,0.174398
EID_24278,0.19296587
EID_6591,0.19249922
EID_21056,0.17721243
EID_18759,0.19825256
EID_12059,0.19732293
EID_11077,0.18161498
EID_17216,0.20389852
EID_15655,0.19727361
EID_19017,0.18885934
EID_17846,0.1969133
EID_6418,0.19012982
EID_25942,0.18796557
EID_5420,0.17924982
EID_11764,0.18229172
EID_16483,0.19610944
EID_1901,0.18314385
EID_21480,0.18966886
EID_8006,0.19810957
EID_1282,0.18316516
EID_6895,0.18377194
EID_13677,0.19057256
EID_6071,0.18511716
EID_14425,0.18010148
EID_22685,0.18563707
EID_20203,0.19380261
EID_19161,0.19034235
EID_1947,0.18089226
EID_16574,0.1938737
EID_2561,0.17839319
EID_20668,0.1904572
EID_7831,0.18844242
EID_8769,0.17668894
EID_25191,0.19404915
EID_15590,0.19537807
EID_12458,0.18658383
EID_11406,0.18298864
EID_17629,0.17707533
EID_4632,0.17596811
EID_18455,0.1856768
EID_23077,0.19253209
EID_25024,0.1972167
EID_6269,0.1935058
EID_12100,0.18185037
EID_23190,0.17909147
EID_9030,0.19087744
EID_12359,0.17417635
EID_12041,0.17557111
EID_2019,0.18397579
EID_22974,0.18819982
EID_10351,0.18172386
EID_23630,0.18584174
EID_7309,0.17964932
EID_19821,0.19582763
EID_4033,0.17831117
EID_3435,0.18003577
EID_5759,0.17890212
EID_12826,0.1840857
EID_8148,0.19003263
EID_16088,0.18102962
EID_15783,0.18737525
EID_19521,0.18473053
EID_13016,0.18787816
EID_13708,0.19300286
EID_4237,0.18774202
EID_3620,0.19237721
EID_10042,0.18383822
EID_8833,0.18274984
EID_21028,0.18595737
EID_3485,0.17869133
EID_23372,0.1947875
EID_19410,0.1975797
EID_6598,0.181571
EID_25371,0.19717863
EID_19483,0.17941986
EID_22826,0.18362845
EID_23606,0.17667729
EID_9346,0.18658486
EID_1608,0.19161695
EID_1603,0.18937677
EID_23041,0.19426134
EID_7801,0.18922494
EID_22456,0.19321784
EID_24428,0.18657184
EID_10811,0.18286604
EID_24566,0.19957867
EID_2531,0.18008906
EID_10878,0.17543265
EID_19548,0.18933326
EID_11988,0.1836442
EID_11378,0.19561467
EID_9896,0.19575852
EID_17323,0.19589914
EID_24976,0.18286788
EID_11249,0.1896565
EID_20395,0.17845416
EID_18262,0.18123496
EID_14670,0.20003408
EID_12880,0.1859006
EID_1406,0.17605957
EID_23014,0.19361219
EID_5224,0.19165143
EID_3232,0.18402883
EID_22327,0.18348327
EID_2285,0.19026218
EID_20468,0.18915115
EID_4443,0.1817153
EID_15641,0.17598848
EID_8106,0.19205698
EID_13958,0.18291828
EID_10214,0.18304402
EID_17739,0.18744887
EID_13347,0.17932731
EID_23453,0.17158034
EID_1477,0.1986326
EID_20224,0.18271276
EID_2362,0.18641466
EID_21421,0.18540369
EID_7860,0.19029574
EID_10286,0.18432456
EID_7184,0.19266358
EID_21742,0.18379188
EID_21610,0.17986917
EID_19375,0.19022503
EID_18564,0.19423142
EID_19108,0.19036415
EID_17928,0.1808747
EID_25613,0.19254507
EID_23787,0.18029143
EID_2392,0.17954901
EID_7574,0.19102104
EID_9810,0.18509807
EID_14332,0.19558108
EID_20937,0.17761606
EID_7827,0.18288437
EID_7457,0.19219854
EID_11152,0.17774343
EID_12917,0.17706063
EID_18590,0.1904513
EID_15327,0.19604906
EID_11687,0.18554606
EID_5179,0.17809431
EID_5623,0.18123697
EID_25331,0.19927046
EID_24386,0.19230168
EID_6507,0.18991557
EID_7842,0.17963871
EID_12018,0.18718109
EID_6640,0.19581586
EID_9872,0.18583319
EID_2331,0.19247478
EID_19685,0.18421996
EID_25701,0.19853812
EID_25681,0.1979923
EID_20151,0.189552
EID_8980,0.18933108
EID_12719,0.18656784
EID_20075,0.18107781
EID_14984,0.18014497
EID_8177,0.18652853
EID_1360,0.18863478
EID_24812,0.19466048
EID_8480,0.18821347
EID_14567,0.1903424
EID_16194,0.19766152
EID_10020,0.17707278
EID_7321,0.18808648
EID_15387,0.19087642
EID_19419,0.17942956
EID_20496,0.1866853
EID_1308,0.18448305
EID_14770,0.17842038
EID_21893,0.17737944
EID_10990,0.18227549
EID_17521,0.19062817
EID_15274,0.20164144
EID_24001,0.18331413
EID_4111,0.18379134
EID_4284,0.17754222
EID_19682,0.18896693
EID_14871,0.19400975
EID_18152,0.18640333
EID_12520,0.18931693
EID_4739,0.18076798
EID_8424,0.1809693
EID_23600,0.1836237
EID_25891,0.19774015
EID_11618,0.19031677
EID_12674,0.1904347
EID_5999,0.1850759
EID_18063,0.1850174
EID_14859,0.19598448
EID_20353,0.17271972
EID_22962,0.18012434
EID_19650,0.18378848
EID_6108,0.1842048
EID_19012,0.20338047
EID_22925,0.18340817
EID_15619,0.18934448
EID_19998,0.19481009
EID_20052,0.18634078
EID_25044,0.18326694
EID_5422,0.19046031
EID_15354,0.18740708
EID_3804,0.18095148
EID_23277,0.18119332
EID_12336,0.17731205
EID_24839,0.17411043
EID_1651,0.19493674
EID_24355,0.18036112
EID_24276,0.19883645
EID_10346,0.17333183
EID_9579,0.182356
EID_23242,0.18028848
EID_23541,0.18303183
EID_14741,0.18164876
EID_7783,0.18775138
EID_12569,0.19874078
EID_3834,0.18561801
EID_6799,0.20321271
EID_15609,0.1856794
EID_5496,0.18757084
EID_5080,0.19497585
EID_14834,0.19122964
EID_18266,0.19280118
EID_1182,0.17444389
EID_6445,0.18563294
EID_18656,0.18356028
EID_24011,0.18158518
EID_25093,0.1982609
EID_11334,0.18293968
EID_15785,0.19139254
EID_8060,0.18216255
EID_4349,0.19325376
EID_22525,0.1915904
EID_1231,0.19384816
EID_2127,0.17690903
EID_4047,0.17768842
EID_12989,0.19502118
EID_17726,0.19265833
EID_1602,0.18321687
EID_5945,0.18144166
EID_15166,0.19723025
EID_25317,0.18970343
EID_18848,0.18799563
EID_14455,0.18736827
EID_9724,0.18491112
EID_22697,0.1867798
EID_16505,0.17998251
EID_11616,0.1748457
EID_10352,0.18708399
EID_24093,0.17578459
EID_11826,0.19762748
EID_24211,0.19658536
EID_14709,0.18750831
EID_18747,0.19351965
EID_16077,0.18366857
EID_15440,0.18914434
EID_4935,0.18377121
EID_13791,0.18852293
EID_16876,0.18371303
EID_1335,0.18227938
EID_19086,0.19606557
EID_12872,0.17986725
EID_11623,0.18598714
EID_7807,0.19384682
EID_9605,0.19945952
EID_12736,0.18640578
EID_20565,0.18277395
EID_17225,0.200803
EID_19974,0.1819613
EID_16045,0.19288275
EID_2082,0.1849618
EID_22219,0.18011078
EID_19439,0.18588513
EID_2979,0.18232504
EID_24414,0.19002405
EID_15148,0.18396437
EID_10690,0.19658247
EID_16346,0.18248484
EID_22752,0.19868906
EID_21746,0.19458951
EID_1705,0.17718983
EID_7498,0.19507012
EID_6874,0.18294342
EID_4543,0.18456188
EID_8931,0.17834765
EID_16435,0.1986522
EID_16767,0.19305119
EID_3058,0.19055998
EID_16381,0.19340411
EID_17190,0.17687586
EID_7079,0.18731621
EID_10191,0.18567795
EID_1378,0.18118353
EID_20222,0.19220906
EID_6156,0.17917171
EID_5975,0.17886391
EID_18682,0.18661243
EID_8837,0.1949263
EID_24686,0.20439161
EID_9869,0.19491738
EID_14673,0.1908953
EID_14443,0.18303387
EID_21591,0.18534012
EID_25240,0.18613878
EID_18365,0.19711503
EID_9260,0.19701731
EID_10696,0.1850976
EID_18012,0.1849209
EID_17421,0.20239888
EID_23615,0.1879955
EID_14132,0.18407014
EID_13168,0.17522168
EID_16973,0.18460067
EID_13426,0.18597792
EID_1493,0.18375635
EID_3994,0.18833765
EID_10574,0.17795593
EID_12394,0.17850375
EID_4781,0.18891585
EID_24911,0.19874984
EID_3205,0.18530992
EID_25568,0.19037768
EID_4343,0.18985379
EID_4330,0.18974167
EID_12518,0.18824938
EID_18426,0.17636459
EID_3862,0.17717671
EID_13478,0.1810961
EID_5607,0.17107931
EID_22353,0.18019104
EID_18346,0.18621892
EID_5978,0.19314086
EID_3391,0.18108657
EID_8525,0.18436652
EID_5245,0.17173167
EID_11791,0.18762419
EID_22913,0.18611729
EID_15587,0.19322667
EID_4851,0.18757834
EID_3432,0.17811413
EID_13090,0.17217276
EID_15117,0.20389509
EID_22004,0.17497322
EID_16053,0.19291174
EID_16458,0.1926586
EID_8021,0.17948064
EID_24385,0.18644303
EID_7053,0.19068211
EID_13544,0.17705369
EID_9014,0.18411401
EID_9246,0.18965209
EID_15642,0.18319157
EID_12295,0.18283471
EID_7925,0.19106513
EID_18473,0.17780584
EID_19427,0.17918786
EID_17027,0.1865707
EID_22093,0.19500843
EID_25611,0.18171664
EID_20490,0.19883066
EID_4204,0.17433801
EID_2604,0.18115288
EID_16152,0.19505343
EID_8563,0.19191879
EID_18620,0.18046725
EID_11012,0.19316636
EID_19598,0.17900115
EID_13159,0.18086454
EID_13171,0.18352759
EID_8374,0.18362834
EID_9838,0.19887933
EID_18489,0.19455986
EID_17451,0.18790212
EID_7269,0.18711618
EID_20548,0.18010004
EID_9466,0.18366084
EID_16085,0.19551033
EID_24082,0.18913314
EID_5078,0.17945136
EID_23951,0.18752766
EID_8327,0.19202805
EID_5904,0.18847731
EID_11085,0.18326566
EID_21437,0.18505782
EID_7471,0.19060889
EID_12046,0.18108183
EID_18653,0.18681934
EID_14175,0.20024846
EID_5514,0.18967652
EID_20148,0.19168161
EID_14260,0.18759912
EID_15574,0.18455264
EID_7287,0.19224533
EID_18889,0.19544426
EID_13106,0.19053647
EID_15448,0.1876344
EID_25897,0.1896244
EID_23758,0.19643876
EID_23208,0.20095778
EID_13646,0.1899507
EID_5467,0.19020501
EID_6022,0.1755108
EID_10923,0.17595756
EID_10408,0.19338465
EID_4186,0.17938805
EID_22022,0.17549601
EID_16390,0.18903017
EID_19493,0.19255656
EID_12519,0.18790686
EID_23549,0.18316333
EID_17612,0.19216368
EID_25007,0.18301362
EID_1949,0.18070543
EID_23313,0.1799745
EID_22516,0.18443352
EID_21836,0.18147026
EID_7268,0.1872032
EID_8202,0.19497626
EID_6613,0.19523941
EID_2596,0.17997436
EID_19849,0.17734447
EID_11546,0.19879797
EID_3942,0.18142137
EID_7899,0.19277045
EID_4802,0.1875386
EID_6725,0.18780711
EID_3835,0.17827187
EID_9511,0.18976478
EID_5757,0.18381014
EID_24838,0.18768018
EID_15225,0.20341942
EID_8238,0.17954624
EID_2826,0.18873852
EID_20774,0.17501721
EID_19311,0.18290034
EID_12339,0.18529645
EID_1583,0.1978374
EID_1033,0.18758029
EID_10764,0.1924479
EID_17203,0.1920228
EID_1345,0.17961018
EID_4951,0.18825871
EID_16956,0.18692937
EID_9203,0.19687025
EID_7021,0.18112223
EID_8707,0.17960602
EID_5209,0.18135484
EID_20428,0.19745925
EID_10913,0.19156829
EID_11507,0.1959748
EID_3693,0.1818582
EID_22857,0.17607254
EID_18744,0.1821529
EID_19600,0.18949647
EID_21336,0.17653982
EID_17676,0.18286881
EID_1678,0.18270865
EID_4889,0.18115756
EID_9961,0.19105077
EID_23386,0.19550964
EID_19835,0.1853694
EID_9519,0.1841262
EID_5449,0.18639565
EID_20640,0.18191591
EID_16387,0.18908584
EID_20293,0.18300664
EID_2296,0.18698439
EID_11827,0.17597175
EID_21522,0.19776964
EID_2767,0.18185967
EID_2873,0.18776903
EID_2603,0.18242785
EID_2674,0.17315029
EID_23682,0.1883443
EID_13310,0.1908606
EID_6523,0.18726984
EID_13056,0.19984709
EID_7244,0.18496683
EID_1072,0.18257514
EID_25833,0.18677613
EID_11244,0.18494979
EID_22918,0.18001777
EID_16735,0.19216353
EID_4201,0.18647629
EID_5998,0.19403897
EID_19254,0.18511704
EID_16653,0.19034271
EID_11729,0.1890834
EID_19573,0.19080132
EID_21463,0.18373449
EID_5899,0.18614738
EID_23613,0.18448615
EID_8609,0.17601404
EID_2660,0.18312758
EID_1333,0.18642703
EID_3212,0.19317707
EID_7830,0.19129136
EID_4372,0.18622601
EID_15955,0.19232085
EID_22059,0.17945206
EID_22804,0.17664345
EID_4700,0.17551702
EID_14401,0.19796854
EID_19971,0.19045708
EID_10684,0.18976948
EID_21512,0.17807949
EID_16722,0.17776194
EID_16012,0.17973003
EID_19093,0.1836273
EID_25636,0.18756536
EID_10567,0.19865015
EID_11601,0.19150907
EID_25697,0.20020413
EID_22131,0.1936797
EID_8511,0.17929584
EID_18114,0.19246012
EID_12784,0.18124941
EID_12820,0.19137394
EID_4512,0.184104
EID_5837,0.18715475
EID_12564,0.18370351
EID_16737,0.19676709
EID_25986,0.19071488
EID_8729,0.18526235
EID_4386,0.18185231
EID_5223,0.18918443
EID_1494,0.18822731
EID_22699,0.18014127
EID_1083,0.19014172
EID_1329,0.18007983
EID_3550,0.18239641
EID_18845,0.17573379
EID_17946,0.19123602
EID_1712,0.18744887
EID_12024,0.19391894
EID_2974,0.18654525
EID_12806,0.18612117
EID_10396,0.17921965
EID_3998,0.17635234
EID_22451,0.17714235
EID_12242,0.18303725
EID_18599,0.18452922
EID_9423,0.18807432
EID_25347,0.17931497
EID_20183,0.19452757
EID_18079,0.19790247
EID_10059,0.18324026
EID_1322,0.18301612
EID_18109,0.1912406
EID_7325,0.19018291
EID_6000,0.18649599
EID_10760,0.17773086
EID_24380,0.17832947
EID_7070,0.19470468
EID_2796,0.18857236
EID_18860,0.18452036
EID_13597,0.18375358
EID_6858,0.18545859
EID_14987,0.18716104
EID_8902,0.18064693
EID_9453,0.17328468
EID_20605,0.19409256
EID_16020,0.18424988
EID_6335,0.1900348
EID_1317,0.17768273
EID_5575,0.18038607
EID_17433,0.20417738
EID_6238,0.17858702
EID_10734,0.1834315
EID_7661,0.17700179
EID_9281,0.18511358
EID_19259,0.19573243
EID_9544,0.18936977
EID_2572,0.18990834
EID_12706,0.18790358
EID_20500,0.18624797
EID_19258,0.18490747
EID_15915,0.19909663
EID_25265,0.19606951
EID_16567,0.20292905
EID_19553,0.19020206
EID_25403,0.19834295
EID_10354,0.18635763
EID_19522,0.19268408
EID_20132,0.19091943
EID_3363,0.18906778
EID_15253,0.18709832
EID_8368,0.18841797
EID_3883,0.18545592
EID_7323,0.17096607
EID_16203,0.1912667
EID_9080,0.20021364
EID_12266,0.18409276
EID_13777,0.19457547
EID_24876,0.1881415
EID_11961,0.20409782
EID_25871,0.17958963
EID_3563,0.1868353
EID_3377,0.17964341
EID_19924,0.18598214
EID_4070,0.18610197
EID_7727,0.19289106
EID_2253,0.1913606
EID_5056,0.18381134
EID_16751,0.19301568
EID_2105,0.17527458
EID_14078,0.18059886
EID_18779,0.18823147
EID_2218,0.18220586
EID_6130,0.19043991
EID_21722,0.1806153
EID_17748,0.18649411
EID_21322,0.18901584
EID_6016,0.18152323
EID_20480,0.18869382
EID_18843,0.19713569
EID_7336,0.18390769
EID_4455,0.18096805
EID_15206,0.18708615
EID_15582,0.18835136
EID_22381,0.19603553
EID_22606,0.1890385
EID_12159,0.1808736
EID_10027,0.18517303
EID_4107,0.17847615
EID_18932,0.18473414
EID_1321,0.18931043
EID_7759,0.17412305
EID_21961,0.1818473
EID_15289,0.1994941
EID_23069,0.18878141
EID_17187,0.19457388
EID_25372,0.18661663
EID_9787,0.19066164
EID_9797,0.19664837
EID_10831,0.19180231
EID_24620,0.19642839
EID_8715,0.18590704
EID_13459,0.18229948
EID_14031,0.1890886
EID_14541,0.18929183
EID_12395,0.19368747
EID_7150,0.18424863
EID_14422,0.18889251
EID_19060,0.1929003
EID_9338,0.17774463
EID_21042,0.1838886
EID_8011,0.17799261
EID_8102,0.18132938
EID_11068,0.19656706
EID_15461,0.1851017
EID_18509,0.18860534
EID_5796,0.17903265
EID_19905,0.18459938
EID_21609,0.1947814
EID_14873,0.19073752
EID_8033,0.18482135
EID_21354,0.17256692
EID_16377,0.18658759
EID_10566,0.18926242
EID_4791,0.18149501
EID_20944,0.18283081
EID_24913,0.19563735
EID_3868,0.17547277
EID_10611,0.18785863
EID_21702,0.19143161
EID_9472,0.17178074
EID_10746,0.1811454
EID_17717,0.18235278
EID_18535,0.17646936
EID_23706,0.17568955
EID_7039,0.17618483
EID_23797,0.19062538
EID_1574,0.18538477
EID_5931,0.19000968
EID_6468,0.20221028
EID_15805,0.19448376
EID_2988,0.19107553
EID_21966,0.18130967
EID_16571,0.1875923
EID_10082,0.17875314
EID_8359,0.1840162
EID_3200,0.18808183
EID_2206,0.19743112
EID_14234,0.19653052
EID_12498,0.19236961
EID_12009,0.19253814
EID_12486,0.18429686
EID_2679,0.18665016
EID_25329,0.18513933
EID_18268,0.184145
EID_18253,0.18464199
EID_11915,0.19001007
EID_2503,0.18193215
EID_22110,0.1815236
EID_9344,0.18011197
EID_17568,0.19128506
EID_1445,0.1845698
EID_12971,0.18661681
EID_14129,0.18652076
EID_22888,0.18882608
EID_17510,0.18867105
EID_11722,0.193407
EID_18542,0.1962933
EID_13158,0.1884884
EID_2810,0.17494269
EID_16559,0.18272191
EID_1124,0.18943292
EID_2137,0.1835732
EID_13145,0.18098979
EID_14181,0.18476406
EID_24695,0.17905897
EID_21367,0.19908851
EID_13213,0.17941077
EID_15852,0.18628737
EID_9531,0.19089542
EID_6197,0.18398194
EID_20012,0.17691734
EID_10381,0.20146376
EID_9136,0.18552645
EID_12063,0.17205405
EID_22318,0.19492541
EID_24047,0.19441304
EID_5834,0.1881606
EID_4763,0.18011445
EID_24096,0.1934244
EID_13825,0.1912489
EID_14326,0.19134429
EID_10111,0.18833044
EID_23362,0.1853308
EID_8682,0.19332138
EID_18727,0.1718776
EID_20725,0.1907935
EID_15976,0.18302801
EID_17626,0.19062637
EID_13302,0.18934755
EID_11333,0.18765427
EID_12305,0.18997881
EID_4987,0.18912143
EID_12132,0.18768534
EID_14163,0.1874268
EID_15666,0.1886918
EID_19257,0.18511656
EID_1591,0.17890127
EID_5610,0.18339059
EID_4835,0.17854738
EID_5060,0.19447736
EID_15897,0.18724564
EID_9771,0.19361003
EID_11486,0.18892565
EID_14583,0.1895529
EID_17832,0.17703342
EID_6876,0.19356292
EID_18560,0.19694294
EID_1091,0.1815102
EID_3837,0.18773913
EID_8508,0.19070585
EID_23640,0.17816375
EID_13280,0.18055195
EID_3352,0.19331792
EID_13404,0.18884495
EID_23565,0.18510468
EID_24526,0.18985602
EID_9254,0.1807189
EID_8916,0.17856857
EID_15227,0.19323397
EID_11672,0.1874165
EID_8926,0.18277128
EID_25125,0.19715759
EID_3170,0.17981723
EID_24612,0.18264025
EID_23932,0.1868898
EID_11554,0.18535659
EID_19854,0.18293855
EID_16362,0.20234942
EID_13195,0.19104552
EID_25559,0.20203152
EID_18526,0.1933668
EID_23226,0.18853584
EID_5873,0.19405773
EID_11286,0.18864366
EID_7573,0.19331071
EID_11669,0.18969716
EID_12639,0.20126459
EID_12309,0.17506264
EID_17566,0.18762729
EID_3644,0.18275747
EID_9921,0.19098997
EID_14703,0.18850774
EID_19366,0.18999976
EID_12449,0.19200179
EID_24591,0.18025687
EID_4698,0.17355484
EID_17657,0.1904974
EID_24446,0.1991205
EID_18528,0.18935041
EID_8868,0.17467561
EID_5820,0.18742295
EID_24215,0.18047267
EID_19176,0.18563005
EID_6578,0.18347572
EID_9672,0.18541533
EID_10702,0.17543662
EID_4741,0.18528119
EID_24067,0.18341213
EID_2416,0.18976277
EID_12089,0.18131822
EID_8392,0.18619281
EID_16766,0.18563533
EID_23137,0.18321371
EID_24704,0.18830813
EID_13184,0.18918818
EID_21642,0.18095309
EID_8050,0.17979869
EID_20432,0.18393153
EID_14456,0.19228396
EID_7769,0.18002257
EID_14077,0.17865446
EID_17805,0.1880168
EID_14927,0.18788576
EID_7995,0.19083083
EID_2297,0.18097469
EID_7960,0.18759096
EID_9481,0.1847795
EID_2781,0.18054575
EID_25571,0.18869567
EID_12462,0.20688081
EID_17761,0.1932595
EID_22310,0.19277766
EID_15161,0.19557768
EID_3361,0.1826518
EID_2166,0.19481665
EID_1515,0.19089557
EID_13787,0.1825515
EID_23496,0.18441963
EID_7820,0.18661457
EID_14433,0.19551532
EID_9405,0.19526121
EID_4195,0.19301766
EID_24190,0.17646895
EID_20400,0.1787692
EID_16111,0.1798756
EID_5502,0.19185655
EID_17381,0.18183862
EID_22435,0.18293004
EID_3060,0.19175264
EID_19197,0.18274939
EID_13311,0.1834716
EID_14282,0.18505105
EID_5849,0.18565679
EID_19845,0.17541587
EID_6965,0.18387634
EID_5048,0.18815637
EID_13766,0.18240386
EID_22269,0.17973357
EID_4363,0.18562114
EID_12215,0.19878545
EID_14479,0.18617237
EID_7348,0.1849381
EID_25664,0.18703246
EID_4940,0.17977923
EID_6877,0.18500653
EID_8337,0.19102782
EID_1775,0.18685251
EID_13938,0.17960629
EID_12735,0.18204406
EID_16138,0.18798305
EID_18586,0.1906381
EID_16650,0.18038367
EID_18259,0.18906952
EID_19144,0.1795993
EID_4483,0.18502688
EID_10929,0.19258136
EID_19882,0.18088838
EID_3779,0.17639354
EID_18678,0.18387562
EID_7168,0.18599683
EID_23279,0.1893386
EID_17008,0.17845006
EID_2795,0.18018916
EID_1833,0.18973333
EID_21026,0.17036131
EID_20322,0.19323868
EID_10026,0.18267587
EID_7742,0.19192001
EID_21792,0.19026175
EID_14341,0.19931045
EID_24634,0.19152735
EID_3379,0.18201569
EID_20627,0.1863414
EID_8572,0.19390908
EID_15104,0.17443836
EID_12426,0.17733821
EID_17588,0.18478006
EID_20961,0.18596703
EID_23260,0.1848842
EID_7213,0.19326475
EID_11851,0.19874209
EID_5696,0.18251583
EID_23011,0.18905921
EID_2035,0.17461812
EID_22461,0.18249694
EID_23215,0.18870723
EID_6913,0.18811285
EID_5739,0.18572384
EID_19814,0.18109435
EID_20320,0.19228281
EID_2043,0.1885435
EID_21992,0.1841116
EID_9324,0.17968845
EID_3863,0.18800035
EID_7513,0.19329849
EID_11120,0.18043177
EID_6548,0.19796246
EID_23957,0.17960352
EID_11408,0.17672126
EID_24638,0.18272881
EID_3908,0.19173223
EID_17023,0.17767742
EID_10902,0.1759457
EID_3543,0.18255934
EID_3633,0.18314639
EID_3394,0.1800966
EID_8619,0.19152921
EID_13424,0.19011673
EID_15405,0.18300685
EID_21727,0.18363139
EID_18916,0.18453121
EID_3335,0.18898664
EID_2811,0.17304829
EID_8620,0.18480927
EID_3249,0.17936066
EID_22140,0.17069523
EID_18934,0.18075171
EID_24271,0.18024537
EID_2164,0.17984624
EID_22961,0.1839439
EID_25318,0.17991278
EID_23064,0.18483773
EID_1056,0.18772101
EID_4389,0.17652524
EID_6949,0.18310036
EID_16133,0.18183684
EID_8023,0.19469988
EID_19426,0.18725428
EID_12895,0.1786213
EID_17667,0.19280447
EID_14826,0.19554293
EID_8807,0.18217066
EID_13977,0.19027591
EID_11167,0.18324757
EID_22535,0.19042405
EID_5357,0.18359235
EID_1450,0.19264838
EID_24647,0.18784025
EID_1516,0.18537487
EID_10122,0.1802083
EID_2423,0.19297774
EID_4276,0.18441264
EID_10610,0.18067625
EID_5840,0.18731938
EID_19117,0.18526873
EID_1753,0.17594597
EID_11679,0.1858125
EID_12425,0.1825254
EID_21118,0.18378007
EID_1348,0.182042
EID_3143,0.18254994
EID_12153,0.1898331
EID_22834,0.19852999
EID_14978,0.19381472
EID_23361,0.19018416
EID_5207,0.17844065
EID_8395,0.19101179
EID_2440,0.18713066
EID_14196,0.2106682
EID_16684,0.19083758
EID_22520,0.18993539
EID_14689,0.18331885
EID_22890,0.18605527
EID_18695,0.18682331
EID_1275,0.17708299
EID_6033,0.19511387
EID_25616,0.18432534
EID_6190,0.19121876
EID_2964,0.19149333
EID_24869,0.19419877
EID_3319,0.18810588
EID_15857,0.19739777
EID_4615,0.18019247
EID_23926,0.18725342
EID_15506,0.1851535
EID_4168,0.17852059
EID_23593,0.18943357
EID_3108,0.17291237
EID_22846,0.19057155
EID_12618,0.17586002
EID_20341,0.19278291
EID_15441,0.18759334
EID_20278,0.1761947
EID_19511,0.18629736
EID_7832,0.17583334
EID_7775,0.19081628
EID_9409,0.18120438
EID_11483,0.18978909
EID_6657,0.1919975
EID_10338,0.17900237
EID_7683,0.19532278
EID_11854,0.19404161
EID_17102,0.19239637
EID_9882,0.19518566
EID_19326,0.19502363
EID_1670,0.18710002
EID_17455,0.19681555
EID_24867,0.18916592
EID_22972,0.18813375
EID_4679,0.18047598
EID_7172,0.19918442
EID_7401,0.17960906
EID_13199,0.1913587
EID_12244,0.18917432
EID_12771,0.19182679
EID_7230,0.1928981
EID_19736,0.19420666
EID_2755,0.1771239
EID_19126,0.19597527
EID_20949,0.18836072
EID_4573,0.18195814
EID_23671,0.18137172
EID_11580,0.19336052
EID_15600,0.16670257
EID_17577,0.18706524
EID_6773,0.18507135
EID_9565,0.18784776
EID_13401,0.17956625
EID_17438,0.19290173
EID_7604,0.183568
EID_1215,0.18100873
EID_24765,0.1810692
EID_2084,0.18285462
EID_17898,0.18744051
EID_9752,0.19038466
EID_19867,0.1785999
EID_5430,0.19654456
EID_22617,0.1819433
EID_23590,0.18156445
EID_11131,0.18522885
EID_1623,0.18918853
EID_25390,0.18401946
EID_23316,0.1893731
EID_11595,0.19764014
EID_10827,0.19316465
EID_14787,0.18228236
EID_18290,0.1841903
EID_17889,0.18929623
EID_7936,0.18317392
EID_12044,0.19672823
EID_8205,0.17935011
EID_22950,0.18478116
EID_4965,0.18390146
EID_24073,0.18303788
EID_4946,0.19423759
EID_14618,0.17848001
EID_17692,0.18464988
EID_23220,0.19253933
EID_24364,0.18207476
EID_20216,0.17242347
EID_24865,0.18305278
EID_11009,0.19064322
EID_6889,0.17797142
EID_10375,0.17647469
EID_11917,0.19168693
EID_25323,0.18468186
EID_21841,0.19142002
EID_25278,0.19054377
EID_17857,0.19065508
EID_2991,0.18630642
EID_23822,0.1811269
EID_12098,0.18171471
EID_14665,0.1886131
EID_25373,0.19134995
EID_22143,0.18016227
EID_4000,0.18072218
EID_2951,0.18169159
EID_8610,0.1920914
EID_6998,0.18988308
EID_21972,0.1957683
EID_3582,0.182098
EID_18220,0.1840977
EID_12381,0.18321103
EID_15689,0.18569534
EID_12239,0.19749908
EID_3987,0.18595973
EID_20164,0.19470884
EID_1654,0.18778932
EID_25583,0.19316907
EID_22736,0.19615653
EID_22169,0.18518792
EID_9495,0.19318587
EID_2465,0.17390451
EID_1659,0.18502602
EID_4509,0.18931758
EID_15264,0.19324322
EID_9494,0.17842266
EID_23657,0.1874805
EID_10376,0.18122312
EID_25277,0.19184782
EID_15121,0.1939483
EID_14760,0.19280854
EID_9160,0.20100164
EID_18574,0.18213171
EID_2977,0.18349746
EID_4745,0.19614987
EID_6762,0.18739161
EID_2682,0.17993316
EID_19172,0.20266053
EID_1013,0.18471467
EID_1242,0.18721958
EID_10336,0.18034235
EID_11247,0.19849616
EID_4631,0.17676923
EID_21660,0.1891332
EID_6752,0.19401744
EID_14409,0.18656142
EID_21720,0.18305972
EID_14495,0.20133752
EID_15348,0.18774694
EID_9610,0.1906055
EID_10629,0.18080913
EID_10182,0.18470895
EID_10598,0.18142888
EID_11065,0.18973812
EID_16129,0.18622011
EID_15572,0.19379106
EID_21059,0.17558199
EID_7812,0.18513322
EID_15162,0.1877173
EID_6911,0.18380359
EID_17591,0.18325302
EID_22638,0.19065446
EID_3217,0.18634811
EID_10116,0.18512523
EID_23199,0.18025535
EID_18844,0.19390297
EID_19931,0.19792685
EID_22215,0.18639323
EID_14623,0.18453169
EID_7884,0.18760838
EID_3197,0.17939351
EID_11291,0.18987055
EID_3320,0.18785846
EID_12585,0.18666282
EID_13592,0.19438317
EID_11264,0.18290946
EID_6997,0.18445864
EID_2327,0.18741462
EID_9340,0.18011299
EID_14544,0.19190294
EID_13055,0.17832148
EID_14014,0.19593593
EID_7429,0.1937513
EID_19008,0.18479013
EID_14283,0.19653279
EID_10882,0.18259202
EID_5194,0.19959034
EID_23844,0.18676618
EID_22628,0.19456878
EID_10033,0.18157083
EID_13281,0.18540071
EID_23871,0.19207256
EID_3621,0.18801236
EID_12968,0.18613116
EID_5819,0.17967856
EID_6694,0.18116933
EID_17656,0.19772634
EID_8888,0.179102
EID_14552,0.18593112
EID_15342,0.19043452
EID_7728,0.18428755
EID_10331,0.19703221
EID_5479,0.19507465
EID_25526,0.17771038
EID_12348,0.1942487
EID_6196,0.18100625
EID_3619,0.18909271
EID_11280,0.18109997
EID_18119,0.19058394
EID_18058,0.20008215
EID_20911,0.18138097
EID_19840,0.20039108
EID_11808,0.19595812
EID_16265,0.17927518
EID_25976,0.17447862
EID_3872,0.17828766
EID_23029,0.1782065
EID_11745,0.1750938
EID_9556,0.18328458
EID_19748,0.18836635
EID_23253,0.18499705
EID_16237,0.18044281
EID_11694,0.19503905
EID_12824,0.18326442
EID_12797,0.18589438
EID_3524,0.18380842
EID_10559,0.1962902
EID_22844,0.19303805
EID_22281,0.18022202
EID_9535,0.18602684
EID_1642,0.18165341
EID_17630,0.19123463
EID_15083,0.19377998
EID_2690,0.17402753
EID_12199,0.1778867
EID_3449,0.18522486
EID_12097,0.20320123
EID_23272,0.18772674
EID_6890,0.18930459
EID_2438,0.20675588
EID_6508,0.18184936
EID_10772,0.17860118
EID_6076,0.17913687
EID_3045,0.19079629
EID_24779,0.17982274
EID_12553,0.19459987
EID_24984,0.17968279
EID_17157,0.19169024
EID_11823,0.1907115
EID_4765,0.17982292
EID_16143,0.17880604
EID_19658,0.19407323
EID_12035,0.18193239
EID_3481,0.1939694
EID_12776,0.18412966
EID_21160,0.18783511
EID_11127,0.18648785
EID_11784,0.17796162
EID_17458,0.18399934
EID_15653,0.18825552
EID_25399,0.18591921
EID_8799,0.19540107
EID_14529,0.18360741
EID_19407,0.18626776
EID_8224,0.19746047
EID_21582,0.18576837
EID_14807,0.18618014
EID_17338,0.1981825
EID_10635,0.1823715
EID_16300,0.19731411
EID_5155,0.18861717
EID_11136,0.19182038
EID_7716,0.19231854
EID_13041,0.19981113
EID_1572,0.17988604
EID_2382,0.17415747
EID_4568,0.19381943
EID_25153,0.18783563
EID_20523,0.19211891
EID_2332,0.19229895
EID_6143,0.18155035
EID_19549,0.18917537
EID_24568,0.1870985
EID_23211,0.18070844
EID_2342,0.17477256
EID_2922,0.17850131
EID_6026,0.1903252
EID_10107,0.17966941
EID_14855,0.17750846
EID_18780,0.19107097
EID_10578,0.193742
EID_3842,0.18699831
EID_10225,0.19379967
EID_15275,0.19456628
EID_10740,0.18354727
EID_9483,0.18453561
EID_11262,0.18877539
EID_24388,0.19725801
EID_19271,0.19566949
EID_15363,0.19966494
EID_16555,0.19360372
EID_7387,0.18518923
EID_2692,0.17620815
EID_19754,0.17103197
EID_10859,0.17825785
EID_16618,0.18662223
EID_1697,0.1693801
EID_3764,0.18294287
EID_4502,0.17820814
EID_19240,0.17981298
EID_22590,0.18915348
EID_14056,0.19194576
EID_20697,0.19175994
EID_2505,0.17410019
EID_23288,0.18420842
EID_23373,0.1810256
EID_18878,0.17529681
EID_11857,0.17104846
EID_25945,0.18034372
EID_18242,0.20238921
EID_22823,0.16759431
EID_5625,0.18097311
EID_6702,0.20328
EID_24252,0.18069941
EID_12704,0.20026094
EID_1770,0.18698984
EID_10159,0.19102973
EID_3702,0.17905575
EID_2688,0.19328514
EID_19784,0.17640975
EID_3636,0.1740081
EID_14537,0.18425967
EID_4878,0.18017933
EID_10260,0.18046492
EID_5154,0.18916708
EID_21206,0.17658937
EID_15511,0.1858345
EID_8010,0.18825233
EID_6249,0.19047572
EID_7392,0.17900874
EID_18362,0.1833645
EID_14147,0.19307697
EID_24826,0.19084373
EID_10862,0.19238132
EID_3088,0.17783003
EID_2871,0.1943013
EID_22681,0.17729443
EID_3720,0.18045437
EID_21540,0.19562526
EID_3516,0.17214406
EID_10969,0.19532047
EID_11396,0.1978153
EID_11407,0.19744742
EID_19264,0.19395836
EID_12406,0.18364885
EID_19440,0.18541151
EID_22729,0.1913342
EID_21143,0.19193277
EID_19936,0.19491856
EID_13997,0.18227607
EID_15533,0.18079393
EID_22065,0.19128281
EID_6600,0.19777818
EID_15316,0.19767542
EID_10721,0.19375706
EID_20630,0.19038205
EID_17720,0.18896988
EID_7692,0.19329241
EID_25004,0.17775941
EID_1804,0.18893465
EID_25207,0.19258018
EID_7638,0.17346264
EID_8179,0.19839348
EID_23406,0.19587159
EID_19285,0.17782956
EID_15333,0.18544775
EID_9685,0.18105829
EID_15725,0.18940875
EID_8302,0.18617201
EID_10726,0.19970731
EID_6168,0.18724242
EID_16711,0.19132066
EID_24881,0.18133299
EID_15281,0.18693623
EID_17428,0.18679054
EID_2814,0.18056884
EID_8717,0.18602397
EID_4395,0.19246718
EID_22871,0.18613808
EID_22152,0.1923044
EID_23649,0.17639264
EID_24748,0.18030427
EID_25426,0.19336379
EID_13986,0.1730968
EID_19704,0.18477958
EID_15554,0.18309486
EID_23100,0.18953401
EID_25408,0.18591022
EID_15870,0.18902159
EID_4048,0.19527128
EID_12712,0.1975005
EID_1937,0.18555276
EID_14246,0.19042829
EID_2569,0.18809822
EID_6228,0.1864483
EID_21309,0.18867919
EID_16971,0.18215272
EID_25273,0.18041
EID_8968,0.1770029
EID_21475,0.18281335
EID_1982,0.18836871
EID_23627,0.18602142
EID_14209,0.18761085
EID_22365,0.18780982
EID_21031,0.17497
EID_16883,0.19705954
EID_15734,0.17801268
EID_20840,0.18210086
EID_20792,0.1890713
EID_2652,0.18687224
EID_3079,0.18555439
EID_1425,0.17238027
EID_17271,0.18557626
EID_22724,0.19347322
EID_23964,0.19750202
EID_9333,0.17667103
EID_12374,0.20094702
EID_25107,0.18649226
EID_22869,0.18485454
EID_18753,0.18570647
EID_16805,0.1844242
EID_19994,0.18195537
EID_3004,0.18238541
EID_12616,0.19437115
EID_6090,0.18318245
EID_3303,0.19122142
EID_9435,0.18972787
EID_1838,0.18528233
EID_15681,0.19022629
EID_17496,0.18802714
EID_8456,0.17838573
EID_23174,0.18481693
EID_8285,0.17762804
EID_6547,0.17135492
EID_23648,0.17904934
EID_7958,0.19335252
EID_19299,0.1826956
EID_8699,0.17921087
EID_14528,0.19365272
EID_23167,0.19457996
EID_25289,0.19363579
EID_12802,0.18451819
EID_15986,0.19430682
EID_3609,0.18550481
EID_2045,0.17983556
EID_1788,0.1980796
EID_22630,0.18391135
EID_10542,0.1940276
EID_13101,0.18497273
EID_5159,0.19287372
EID_18490,0.17922312
EID_25693,0.18299982
EID_20514,0.1775068
EID_3713,0.18714729
EID_11193,0.19462457
EID_6052,0.18827876
EID_6986,0.18887907
EID_9104,0.17073093
EID_23058,0.19543737
EID_3156,0.1920844
EID_17660,0.17885767
EID_17514,0.1919769
EID_15370,0.1756508
EID_12207,0.19334483
EID_7351,0.1925489
EID_24727,0.19041157
EID_6356,0.18092397
EID_15421,0.18386239
EID_11772,0.18541214
EID_14071,0.19609016
EID_16359,0.18990394
EID_16919,0.1926224
EID_21496,0.19323432
EID_10564,0.183276
EID_3773,0.17577788
EID_9484,0.1817255
EID_13601,0.17329329
EID_13843,0.19571435
EID_8774,0.19233891
EID_7542,0.19078933
EID_3388,0.1941457
EID_17949,0.18704349
EID_1815,0.17539851
EID_10479,0.18074438
EID_10722,0.18739583
EID_3427,0.19544834
EID_18205,0.18749756
EID_21650,0.17750317
EID_23124,0.18553364
EID_4294,0.1917848
EID_13366,0.18183494
EID_13957,0.18591264
EID_3578,0.1863897
EID_24105,0.18439126
EID_13186,0.18164372
EID_24214,0.1801478
EID_17251,0.18689577
EID_23225,0.18080288
EID_2152,0.18488824
EID_10625,0.19583923
EID_2044,0.1849839
EID_7201,0.18850896
EID_2405,0.19990999
EID_22716,0.18179359
EID_22728,0.20392612
EID_21251,0.19446892
EID_6915,0.19959396
EID_14744,0.19159633
EID_15814,0.18544069
EID_6659,0.17569607
EID_10991,0.18050581
EID_6500,0.18131033
EID_19121,0.17978916
EID_6278,0.18146878
EID_13236,0.18467425
EID_5382,0.1744937
EID_6871,0.185182
EID_5012,0.17583773
EID_1268,0.19465947
EID_6588,0.18468297
EID_22163,0.1846546
EID_11121,0.19012529
EID_22615,0.17949736
EID_7838,0.18099062
EID_3344,0.17146361
EID_25292,0.19675693
EID_10730,0.19341275
EID_10317,0.1783023
EID_13443,0.18681696
EID_10988,0.18851757
EID_23091,0.19714968
EID_1839,0.19255528
EID_13892,0.18646102
EID_1496,0.18982059
EID_15045,0.18034545
EID_3744,0.1796237
EID_13010,0.19277617
EID_9716,0.18893017
EID_2993,0.18278387
EID_23435,0.19351685
EID_8587,0.18800539
EID_22132,0.19495773
EID_21413,0.18460208
EID_11881,0.18563122
EID_19850,0.18404883
EID_18460,0.1885067
EID_17983,0.19256228
EID_14888,0.18462041
EID_14002,0.19334498
EID_13524,0.18130234
EID_4049,0.1735074
EID_6535,0.19280612
EID_10557,0.18169844
EID_1313,0.18644325
EID_12424,0.19162382
EID_8210,0.18720727
EID_22378,0.18885618
EID_19644,0.18291406
EID_8790,0.1876589
EID_5778,0.1857099
EID_23887,0.17743832
EID_16103,0.17526034
EID_20604,0.18362439
EID_17378,0.19398727
EID_5566,0.1889892
EID_24264,0.18369147
EID_7814,0.18497705
EID_1968,0.19901899
EID_10282,0.19066745
EID_13648,0.19533435
EID_22376,0.18533094
EID_3690,0.18264446
EID_17871,0.17875305
EID_19167,0.19437888
EID_5366,0.19002542
EID_16996,0.17925969
EID_1953,0.18693537
EID_8760,0.19174805
EID_20448,0.1880512
EID_15787,0.19048706
EID_18982,0.1864208
EID_4388,0.18242401
EID_22325,0.19598919
EID_10189,0.1816281
EID_21162,0.18408918
EID_1032,0.19396807
EID_12045,0.19220427
EID_18324,0.19664454
EID_15085,0.18009895
EID_21927,0.19498119
EID_13325,0.18897681
EID_17801,0.18953446
EID_7678,0.18390259
EID_17469,0.18173772
EID_14318,0.18769324
EID_16439,0.18412322
EID_2307,0.17608531
EID_20011,0.17669189
EID_19381,0.1789699
EID_14043,0.17913765
EID_14774,0.18962581
EID_22982,0.18415359
EID_19092,0.1878899
EID_13137,0.18080488
EID_5738,0.19930798
EID_19661,0.1799641
EID_22570,0.18037212
EID_16393,0.19182833
EID_4256,0.17748094
EID_17873,0.18786588
EID_13832,0.17911676
EID_17617,0.18046975
EID_3106,0.18011048
EID_6567,0.18977815
EID_4727,0.1825481
EID_14518,0.1927951
EID_1070,0.18920979
EID_19385,0.19446054
EID_20032,0.19232705
EID_11714,0.19725767
EID_23636,0.17350301
EID_1985,0.18161152
EID_5627,0.17632288
EID_15171,0.19144034
EID_8811,0.18014699
EID_2163,0.17763633
EID_8459,0.17893142
EID_18138,0.17843398
EID_17518,0.19440785
EID_17432,0.17590702
EID_25686,0.17895986
EID_2470,0.18427241
EID_16311,0.18934995
EID_6903,0.18359481
EID_11990,0.19421735
EID_23460,0.1862233
EID_25924,0.18089566
EID_13985,0.18147025
EID_5455,0.17883232
EID_13427,0.1817706
EID_24855,0.18743363
EID_15532,0.19301403
EID_8953,0.18388203
EID_22683,0.17350426
EID_22493,0.18836792
EID_1451,0.18237263
EID_20796,0.19118343
EID_17281,0.18493862
EID_7767,0.1853534
EID_20838,0.192949
EID_17235,0.18822795
EID_21615,0.19550097
EID_6972,0.18869242
EID_13930,0.19144244
EID_4188,0.18635595
EID_11277,0.17837495
EID_18053,0.18306535
EID_11288,0.19219589
EID_1148,0.17162469
EID_19216,0.1822148
EID_7660,0.1812565
EID_22805,0.1981971
EID_11931,0.19068477
EID_16921,0.18802854
EID_4993,0.19112426
EID_18070,0.18908547
EID_15648,0.18242002
EID_11404,0.18633294
EID_14248,0.18717025
EID_15424,0.18537176
EID_8039,0.17972063
EID_7094,0.17130248
EID_13161,0.1907984
EID_9293,0.1814023
EID_4351,0.18345982
EID_17259,0.17268382
EID_2681,0.18053919
EID_22123,0.19436446
EID_8528,0.18442208
EID_11798,0.18854995
EID_20265,0.17981958
EID_21396,0.17910501
EID_12220,0.19213173
EID_25722,0.19533765
EID_21719,0.18541722
EID_3506,0.18459001
EID_2139,0.18413207
EID_6562,0.1778474
EID_4353,0.18397388
EID_24392,0.18255779
EID_11238,0.17720497
EID_20617,0.19180125
EID_21473,0.1988844
EID_16837,0.18172374
EID_1800,0.19455037
EID_25849,0.1955843
EID_9395,0.1773563
EID_2415,0.19618113
EID_9286,0.17197528
EID_5081,0.20060349
EID_22546,0.18846712
EID_11932,0.19086231
EID_16292,0.19272655
EID_17882,0.19146994
EID_20889,0.19105366
EID_10031,0.18206155
EID_21576,0.17447993
EID_8256,0.19563568
EID_2614,0.18503413
EID_2098,0.18417075
EID_10242,0.17675944
EID_21993,0.18585712
EID_22664,0.18068774
EID_1919,0.17321366
EID_11629,0.18458295
EID_6840,0.19610614
EID_25493,0.19781709
EID_14968,0.1879321
EID_25313,0.17889261
EID_8035,0.18612295
EID_8969,0.18675816
EID_15223,0.1842852
EID_6266,0.17676531
EID_8184,0.18171135
EID_19480,0.18380299
EID_19076,0.18850076
EID_16339,0.19072253
EID_7963,0.19430539
EID_17427,0.18335383
EID_12641,0.18357974
EID_4122,0.19264144
EID_23659,0.18780282
EID_13486,0.18501616
EID_18423,0.18756278
EID_2181,0.1790292
EID_25490,0.18788418
EID_9211,0.17438082
EID_5237,0.17769018
EID_2418,0.18350203
EID_17716,0.20350063
EID_13837,0.1935142
EID_2840,0.18121181
EID_13004,0.18748039
EID_14429,0.19554815
EID_18915,0.19446784
EID_22415,0.1812053
EID_4304,0.17755821
EID_10753,0.19702686
EID_22612,0.18734744
EID_1857,0.18348534
EID_3566,0.18082541
EID_8545,0.1814678
EID_21685,0.19344705
EID_9946,0.17940384
EID_20447,0.18493062
EID_3887,0.17807588
EID_8351,0.18521369
EID_23889,0.19256365
EID_8248,0.19054446
EID_16621,0.18571994
EID_25138,0.19284992
EID_10004,0.19363526
EID_5522,0.18121517
EID_23416,0.18466297
EID_14897,0.17868063
EID_10840,0.18094176
EID_21716,0.18892671
EID_18484,0.1846169
EID_7402,0.17339021
EID_24854,0.19420803
EID_1610,0.19106719
EID_17592,0.18461832
EID_22128,0.18622138
EID_17304,0.1834569
EID_1508,0.18198758
EID_20492,0.18999481
EID_2324,0.19652659
EID_17093,0.17937419
EID_23356,0.18705943
EID_17895,0.18589735
EID_8186,0.18299317
EID_19358,0.19904593
EID_6030,0.19176567
EID_17457,0.18481454
EID_14976,0.1850271
EID_8914,0.17297973
EID_5721,0.17606857
EID_11266,0.19319814
EID_17012,0.18771243
EID_7554,0.17701215
EID_3087,0.19650498
EID_19716,0.17520054
EID_21723,0.19663554
EID_13072,0.18727043
EID_9776,0.18553527
EID_25927,0.20068303
EID_5593,0.18957293
EID_13954,0.1905755
EID_16034,0.18176746
EID_1719,0.20352206
EID_23054,0.17933375
EID_15591,0.18485934
EID_5178,0.18276756
EID_24346,0.19849816
EID_21264,0.19504455
EID_3292,0.18376707
EID_14975,0.1812287
EID_9165,0.17711559
EID_23369,0.17348397
EID_18767,0.18879914
EID_10153,0.18524316
EID_2542,0.18200591
EID_23826,0.18994546
EID_20391,0.199416
EID_8633,0.19549432
EID_5875,0.18122563
EID_12699,0.17685992
EID_12982,0.1978302
EID_16392,0.17669079
EID_8185,0.1843074
EID_15462,0.18915963
EID_4853,0.1985412
EID_17622,0.18361211
EID_23074,0.20316294
EID_6390,0.1917372
EID_24539,0.18259928
EID_12963,0.1775971
EID_8649,0.1787937
EID_11810,0.18986556
EID_3598,0.18679157
EID_13511,0.19564033
EID_16014,0.19366372
EID_24791,0.19489798
EID_3417,0.1792934
EID_24668,0.17685004
EID_4508,0.18212317
EID_25150,0.18317309
EID_25934,0.18035379
EID_6308,0.17226222
EID_10508,0.18871409
EID_18724,0.1759998
EID_10536,0.19124997
EID_18738,0.1802637
EID_15949,0.17848423
EID_20722,0.17641747
EID_14963,0.19441819
EID_6682,0.18053299
EID_8365,0.1794886
EID_17999,0.19044465
EID_24499,0.18624225
EID_20389,0.1909898
EID_12123,0.19391067
EID_19203,0.17633036
EID_3538,0.19840926
EID_19811,0.19125733
EID_11473,0.1825403
EID_3032,0.1819121
EID_8419,0.18454
EID_9052,0.18555829
EID_15837,0.19199769
EID_6644,0.18265854
EID_16894,0.20021164
EID_10552,0.17391704
EID_14750,0.18974753
EID_16659,0.17801642
EID_4472,0.17352888
EID_4076,0.18774694
EID_5163,0.18338007
EID_25923,0.19352432
EID_24806,0.18533342
EID_3742,0.18393248
EID_19722,0.18112136
EID_18033,0.18318449
EID_16718,0.19885254
EID_13182,0.19173849
EID_23021,0.20043588
EID_20329,0.19215319
EID_8770,0.18411034
EID_11234,0.19696157
EID_18881,0.18059713
EID_1365,0.18020621
EID_19318,0.17985849
EID_19343,0.18086478
EID_4435,0.18783852
EID_22102,0.1807633
EID_24095,0.17907828
EID_9897,0.20437422
EID_21635,0.18452337
EID_16514,0.1868958
EID_1997,0.18801197
EID_10324,0.18657248
EID_6487,0.17536555
EID_21197,0.18005303
EID_19082,0.18074822
EID_17562,0.19324228
EID_8738,0.18507001
EID_13687,0.17837329
EID_19572,0.19296183
EID_24909,0.18592137
EID_21814,0.17904565
EID_12083,0.19043022
EID_25919,0.17799434
EID_19140,0.18403205
EID_23924,0.19113389
EID_1208,0.19298539
EID_18170,0.19410725
EID_18699,0.18851748
EID_1318,0.18566132
EID_14941,0.19640483
EID_6540,0.17537782
EID_20936,0.19843276
EID_9705,0.19800884
EID_24181,0.20106882
EID_22138,0.19009969
EID_23044,0.18924871
EID_9038,0.18699765
EID_3247,0.18477234
EID_19630,0.19029462
EID_8655,0.17957062
EID_10423,0.18256028
EID_3946,0.18832788
EID_16512,0.19061172
EID_12473,0.18994793
EID_11571,0.18437004
EID_14381,0.18696672
EID_12675,0.18740919
EID_1930,0.17992945
EID_20155,0.17999029
EID_22902,0.18663917
EID_24145,0.19225147
EID_5342,0.17731822
EID_8334,0.1758872
EID_25708,0.18900576
EID_19991,0.18313158
EID_5499,0.19687366
EID_5953,0.17645311
EID_7444,0.17366253
EID_6218,0.19212043
EID_12891,0.17707852
EID_16456,0.19531426
EID_20256,0.1823655
EID_9959,0.18940863
EID_8845,0.18137108
EID_1662,0.1887507
EID_8739,0.18915543
EID_20695,0.18743554
EID_19446,0.18007326
EID_12441,0.18528384
EID_13066,0.19735296
EID_8911,0.18027425
EID_22200,0.19110599
EID_9689,0.19073573
EID_1668,0.19406489
EID_8120,0.18775508
EID_22777,0.18592486
EID_19141,0.19341534
EID_22674,0.19125804
EID_16121,0.18509972
EID_14662,0.19217914
EID_23290,0.19363078
EID_20144,0.1847273
EID_23052,0.19501036
EID_25575,0.18916139
EID_23724,0.18139014
EID_14759,0.19765893
EID_25209,0.19481212
EID_17753,0.17872626
EID_4693,0.17715028
EID_17284,0.18418719
EID_9131,0.1894452
EID_24625,0.18618926
EID_24912,0.18948478
EID_19612,0.17974311
EID_9147,0.19188465
EID_6891,0.1855154
EID_10639,0.18681495
EID_5880,0.17591888
EID_22547,0.17949975
EID_10066,0.17528859
EID_7126,0.18352741
EID_4929,0.17110553
EID_24750,0.1774103
